Time,generation(kWh),power(W)
2023-08-01 07:00:00,2.358,9650.624
2023-08-01 07:15:00,3.247,13159.056
2023-08-01 07:30:00,4.138,16733.484
2023-08-01 07:45:00,5.01,20150.146
2023-08-01 08:00:00,5.992,24089.104
2023-08-01 08:15:00,6.881,27796.8
2023-08-01 08:30:00,5.884,21406.55
2023-08-01 08:45:00,10.287,40957.516
2023-08-01 09:00:00,9.84,41533.08
2023-08-01 09:15:00,11.957,46921.418
2023-08-01 09:30:00,13.499,54427.188
2023-08-01 09:45:00,12.052,43024.68
2023-08-01 10:00:00,12.906,52061.67
2023-08-01 10:15:00,12.764,46805.625
2023-08-01 10:30:00,15.361,61727.824
2023-08-01 10:45:00,16.111,55542.438
2023-08-01 11:00:00,16.31,63287.977
2023-08-01 11:15:00,16.399,62999.926
2023-08-01 11:30:00,16.492,64261.184
2023-08-01 11:45:00,13.669,53674.08
2023-08-01 12:00:00,15.72,65653.53
2023-08-01 12:15:00,15.86,58029.527
2023-08-01 12:30:00,13.079,50707.562
2023-08-01 12:45:00,11.02,45124.215
2023-08-01 13:00:00,8.869,30551.268
2023-08-01 13:15:00,4.871,17224.3
2023-08-01 13:30:00,5.676,23140.068
2023-08-01 13:45:00,5.838,22069.674
2023-08-01 14:00:00,1.835,21566.988
2023-08-01 14:15:00,,
2023-08-01 14:30:00,,
2023-08-01 14:45:00,,
2023-08-01 15:00:00,,
2023-08-01 15:15:00,,
2023-08-01 15:30:00,,
2023-08-01 15:45:00,,
2023-08-01 16:00:00,,
2023-08-01 16:15:00,,
2023-08-01 16:30:00,,
2023-08-01 16:45:00,,
2023-08-01 17:00:00,,
2023-08-01 17:15:00,,
2023-08-01 17:30:00,,
2023-08-01 17:45:00,,
2023-08-01 18:00:00,0.0,0.0
2023-08-01 18:15:00,0.0,0.0
2023-08-01 18:30:00,0.0,0.0
2023-08-01 18:45:00,0.0,0.0
2023-08-01 19:00:00,0.0,0.0
2023-08-02 07:00:00,,
2023-08-02 07:15:00,,
2023-08-02 07:30:00,,
2023-08-02 07:45:00,,
2023-08-02 08:00:00,,
2023-08-02 08:15:00,,
2023-08-02 08:30:00,,
2023-08-02 08:45:00,,
2023-08-02 09:00:00,,
2023-08-02 09:15:00,,
2023-08-02 09:30:00,,
2023-08-02 09:45:00,,
2023-08-02 10:00:00,,
2023-08-02 10:15:00,,
2023-08-02 10:30:00,,
2023-08-02 10:45:00,,
2023-08-02 11:00:00,,
2023-08-02 11:15:00,,
2023-08-02 11:30:00,,
2023-08-02 11:45:00,,
2023-08-02 12:00:00,,
2023-08-02 12:15:00,,
2023-08-02 12:30:00,,
2023-08-02 12:45:00,,
2023-08-02 13:00:00,,
2023-08-02 13:15:00,,
2023-08-02 13:30:00,,
2023-08-02 13:45:00,,
2023-08-02 14:00:00,,
2023-08-02 14:15:00,,
2023-08-02 14:30:00,,
2023-08-02 14:45:00,,
2023-08-02 15:00:00,,
2023-08-02 15:15:00,,
2023-08-02 15:30:00,,
2023-08-02 15:45:00,,
2023-08-02 16:00:00,,
2023-08-02 16:15:00,,
2023-08-02 16:30:00,,
2023-08-02 16:45:00,,
2023-08-02 17:00:00,,
2023-08-02 17:15:00,,
2023-08-02 17:30:00,,
2023-08-02 17:45:00,,
2023-08-02 18:00:00,0.0,0.0
2023-08-02 18:15:00,0.0,0.0
2023-08-02 18:30:00,0.0,0.0
2023-08-02 18:45:00,0.0,0.0
2023-08-02 19:00:00,0.0,0.0
2023-08-03 07:00:00,,
2023-08-03 07:15:00,,
2023-08-03 07:30:00,,
2023-08-03 07:45:00,,
2023-08-03 08:00:00,,
2023-08-03 08:15:00,,
2023-08-03 08:30:00,,
2023-08-03 08:45:00,,
2023-08-03 09:00:00,,
2023-08-03 09:15:00,,
2023-08-03 09:30:00,,
2023-08-03 09:45:00,,
2023-08-03 10:00:00,,
2023-08-03 10:15:00,,
2023-08-03 10:30:00,,
2023-08-03 10:45:00,,
2023-08-03 11:00:00,,
2023-08-03 11:15:00,,
2023-08-03 11:30:00,,
2023-08-03 11:45:00,,
2023-08-03 12:00:00,,
2023-08-03 12:15:00,,
2023-08-03 12:30:00,,
2023-08-03 12:45:00,,
2023-08-03 13:00:00,,
2023-08-03 13:15:00,,
2023-08-03 13:30:00,,
2023-08-03 13:45:00,,
2023-08-03 14:00:00,,
2023-08-03 14:15:00,,
2023-08-03 14:30:00,,
2023-08-03 14:45:00,,
2023-08-03 15:00:00,,
2023-08-03 15:15:00,,
2023-08-03 15:30:00,,
2023-08-03 15:45:00,,
2023-08-03 16:00:00,,
2023-08-03 16:15:00,,
2023-08-03 16:30:00,,
2023-08-03 16:45:00,,
2023-08-03 17:00:00,,
2023-08-03 17:15:00,,
2023-08-03 17:30:00,,
2023-08-03 17:45:00,,
2023-08-03 18:00:00,0.0,0.0
2023-08-03 18:15:00,0.0,0.0
2023-08-03 18:30:00,0.0,0.0
2023-08-03 18:45:00,0.0,0.0
2023-08-03 19:00:00,0.0,0.0
2023-08-04 07:00:00,,
2023-08-04 07:15:00,,
2023-08-04 07:30:00,,
2023-08-04 07:45:00,,
2023-08-04 08:00:00,,
2023-08-04 08:15:00,,
2023-08-04 08:30:00,,
2023-08-04 08:45:00,,
2023-08-04 09:00:00,,
2023-08-04 09:15:00,,
2023-08-04 09:30:00,,
2023-08-04 09:45:00,,
2023-08-04 10:00:00,,
2023-08-04 10:15:00,,
2023-08-04 10:30:00,,
2023-08-04 10:45:00,,
2023-08-04 11:00:00,,
2023-08-04 11:15:00,,
2023-08-04 11:30:00,,
2023-08-04 11:45:00,,
2023-08-04 12:00:00,,
2023-08-04 12:15:00,,
2023-08-04 12:30:00,,
2023-08-04 12:45:00,,
2023-08-04 13:00:00,,
2023-08-04 13:15:00,,
2023-08-04 13:30:00,,
2023-08-04 13:45:00,,
2023-08-04 14:00:00,,
2023-08-04 14:15:00,,
2023-08-04 14:30:00,,
2023-08-04 14:45:00,,
2023-08-04 15:00:00,,
2023-08-04 15:15:00,,
2023-08-04 15:30:00,,
2023-08-04 15:45:00,,
2023-08-04 16:00:00,,
2023-08-04 16:15:00,,
2023-08-04 16:30:00,,
2023-08-04 16:45:00,,
2023-08-04 17:00:00,,
2023-08-04 17:15:00,,
2023-08-04 17:30:00,,
2023-08-04 17:45:00,,
2023-08-04 18:00:00,0.0,0.0
2023-08-04 18:15:00,0.0,0.0
2023-08-04 18:30:00,0.0,0.0
2023-08-04 18:45:00,0.0,0.0
2023-08-04 19:00:00,0.0,0.0
2023-08-05 07:00:00,,
2023-08-05 07:15:00,,
2023-08-05 07:30:00,,
2023-08-05 07:45:00,,
2023-08-05 08:00:00,,
2023-08-05 08:15:00,,
2023-08-05 08:30:00,,
2023-08-05 08:45:00,,
2023-08-05 09:00:00,,
2023-08-05 09:15:00,,
2023-08-05 09:30:00,,
2023-08-05 09:45:00,,
2023-08-05 10:00:00,,
2023-08-05 10:15:00,,
2023-08-05 10:30:00,,
2023-08-05 10:45:00,,
2023-08-05 11:00:00,,
2023-08-05 11:15:00,,
2023-08-05 11:30:00,,
2023-08-05 11:45:00,,
2023-08-05 12:00:00,,
2023-08-05 12:15:00,,
2023-08-05 12:30:00,,
2023-08-05 12:45:00,,
2023-08-05 13:00:00,,
2023-08-05 13:15:00,,
2023-08-05 13:30:00,,
2023-08-05 13:45:00,,
2023-08-05 14:00:00,,
2023-08-05 14:15:00,,
2023-08-05 14:30:00,,
2023-08-05 14:45:00,,
2023-08-05 15:00:00,,
2023-08-05 15:15:00,,
2023-08-05 15:30:00,,
2023-08-05 15:45:00,,
2023-08-05 16:00:00,,
2023-08-05 16:15:00,,
2023-08-05 16:30:00,,
2023-08-05 16:45:00,,
2023-08-05 17:00:00,,
2023-08-05 17:15:00,,
2023-08-05 17:30:00,,
2023-08-05 17:45:00,,
2023-08-05 18:00:00,0.0,0.0
2023-08-05 18:15:00,0.0,0.0
2023-08-05 18:30:00,0.0,0.0
2023-08-05 18:45:00,0.0,0.0
2023-08-05 19:00:00,0.0,0.0
2023-08-06 07:00:00,1.045,9794.539
2023-08-06 07:15:00,,
2023-08-06 07:30:00,,
2023-08-06 07:45:00,,
2023-08-06 08:00:00,,
2023-08-06 08:15:00,,
2023-08-06 08:30:00,,
2023-08-06 08:45:00,,
2023-08-06 09:00:00,,
2023-08-06 09:15:00,,
2023-08-06 09:30:00,,
2023-08-06 09:45:00,,
2023-08-06 10:00:00,,
2023-08-06 10:15:00,,
2023-08-06 10:30:00,,
2023-08-06 10:45:00,,
2023-08-06 11:00:00,,
2023-08-06 11:15:00,,
2023-08-06 11:30:00,,
2023-08-06 11:45:00,,
2023-08-06 12:00:00,,
2023-08-06 12:15:00,,
2023-08-06 12:30:00,,
2023-08-06 12:45:00,,
2023-08-06 13:00:00,,
2023-08-06 13:15:00,,
2023-08-06 13:30:00,,
2023-08-06 13:45:00,,
2023-08-06 14:00:00,,
2023-08-06 14:15:00,,
2023-08-06 14:30:00,,
2023-08-06 14:45:00,,
2023-08-06 15:00:00,,
2023-08-06 15:15:00,,
2023-08-06 15:30:00,,
2023-08-06 15:45:00,,
2023-08-06 16:00:00,,
2023-08-06 16:15:00,,
2023-08-06 16:30:00,,
2023-08-06 16:45:00,,
2023-08-06 17:00:00,,
2023-08-06 17:15:00,,
2023-08-06 17:30:00,,
2023-08-06 17:45:00,,
2023-08-06 18:00:00,0.0,0.0
2023-08-06 18:15:00,0.0,0.0
2023-08-06 18:30:00,0.0,0.0
2023-08-06 18:45:00,0.0,0.0
2023-08-06 19:00:00,0.0,0.0
2023-08-07 07:00:00,1.393,5499.3936
2023-08-07 07:15:00,0.448,1329.5337
2023-08-07 07:30:00,1.309,6245.3633
2023-08-07 07:45:00,2.157,8175.5474
2023-08-07 08:00:00,0.756,2555.3994
2023-08-07 08:15:00,1.667,7574.4736
2023-08-07 08:30:00,2.718,10940.017
2023-08-07 08:45:00,1.481,6075.885
2023-08-07 09:00:00,3.047,14132.761
2023-08-07 09:15:00,11.744,53837.363
2023-08-07 09:30:00,13.288,55906.69
2023-08-07 09:45:00,11.641,49515.105
2023-08-07 10:00:00,14.101,66074.22
2023-08-07 10:15:00,7.583,17585.918
2023-08-07 10:30:00,0.842,3821.2297
2023-08-07 10:45:00,3.189,15042.99
2023-08-07 11:00:00,5.214,18116.703
2023-08-07 11:15:00,6.595,28740.928
2023-08-07 11:30:00,12.503,47575.414
2023-08-07 11:45:00,9.468,40131.523
2023-08-07 12:00:00,3.511,9993.747
2023-08-07 12:15:00,8.247,38989.414
2023-08-07 12:30:00,5.091,16742.37
2023-08-07 12:45:00,7.579,31643.738
2023-08-07 13:00:00,7.565,26120.793
2023-08-07 13:15:00,5.077,22005.799
2023-08-07 13:30:00,6.604,26477.45
2023-08-07 13:45:00,7.035,29646.229
2023-08-07 14:00:00,14.968,51946.004
2023-08-07 14:15:00,5.729,14276.185
2023-08-07 14:30:00,8.619,38657.887
2023-08-07 14:45:00,7.2010000000000005,34697.836
2023-08-07 15:00:00,14.429,51980.48
2023-08-07 15:15:00,11.061,46976.727
2023-08-07 15:30:00,12.423,47209.664
2023-08-07 15:45:00,9.605,30696.953
2023-08-07 16:00:00,7.249,35731.953
2023-08-07 16:15:00,4.628,16879.125
2023-08-07 16:30:00,3.439,10133.352
2023-08-07 16:45:00,4.184,16711.65
2023-08-07 17:00:00,2.349,6944.0415
2023-08-07 17:15:00,2.219,7996.8716
2023-08-07 17:30:00,2.942,11447.707
2023-08-07 17:45:00,2.619,9180.833
2023-08-07 18:00:00,1.073,3197.3313
2023-08-07 18:15:00,0.372,1313.1178
2023-08-07 18:30:00,0.206,707.0908
2023-08-07 18:45:00,0.038,112.47962
2023-08-07 19:00:00,0.0,0.0
2023-08-08 07:00:00,0.997,4023.8027
2023-08-08 07:15:00,1.121,4912.056
2023-08-08 07:30:00,1.604,6431.02
2023-08-08 07:45:00,2.447,9748.685
2023-08-08 08:00:00,2.388,10037.155
2023-08-08 08:15:00,4.583,19232.018
2023-08-08 08:30:00,6.1610000000000005,28671.111
2023-08-08 08:45:00,7.367,33696.805
2023-08-08 09:00:00,10.94,39178.6
2023-08-08 09:15:00,8.363,31268.697
2023-08-08 09:30:00,9.087,36948.023
2023-08-08 09:45:00,7.944,33224.152
2023-08-08 10:00:00,8.077,33036.57
2023-08-08 10:15:00,6.171,21852.762
2023-08-08 10:30:00,5.032,21691.81
2023-08-08 10:45:00,11.779,38432.9
2023-08-08 11:00:00,3.826,10800.496
2023-08-08 11:15:00,5.623,31680.85
2023-08-08 11:30:00,4.066,11179.28
2023-08-08 11:45:00,3.35,13250.555
2023-08-08 12:00:00,4.488,18515.43
2023-08-08 12:15:00,7.192,30493.174
2023-08-08 12:30:00,14.692,60947.848
2023-08-08 12:45:00,15.619,62019.52
2023-08-08 13:00:00,16.796,64807.367
2023-08-08 13:15:00,15.587,65122.715
2023-08-08 13:30:00,13.113,49324.176
2023-08-08 13:45:00,9.478,37003.13
2023-08-08 14:00:00,9.979,36870.277
2023-08-08 14:15:00,10.998,55497.367
2023-08-08 14:30:00,16.0,63366.508
2023-08-08 14:45:00,15.543,60175.406
2023-08-08 15:00:00,12.613,61653.617
2023-08-08 15:15:00,11.765,45784.24
2023-08-08 15:30:00,6.341,21457.766
2023-08-08 15:45:00,6.365,17113.955
2023-08-08 16:00:00,4.908,27416.336
2023-08-08 16:15:00,7.483,23194.273
2023-08-08 16:30:00,3.732,9367.784
2023-08-08 16:45:00,3.577,17529.137
2023-08-08 17:00:00,1.93,4953.922
2023-08-08 17:15:00,1.123,4094.508
2023-08-08 17:30:00,0.898,3247.4932
2023-08-08 17:45:00,1.011,4700.169
2023-08-08 18:00:00,0.585,2042.2587
2023-08-08 18:15:00,0.401,1429.2272
2023-08-08 18:30:00,0.232,767.32587
2023-08-08 18:45:00,0.036,109.36326
2023-08-08 19:00:00,0.0,0.0
2023-08-09 07:00:00,2.439,9819.639
2023-08-09 07:15:00,2.826,10861.192
2023-08-09 07:30:00,1.977,8171.2153
2023-08-09 07:45:00,2.672,9576.132
2023-08-09 08:00:00,2.427,9897.974
2023-08-09 08:15:00,4.24,19775.303
2023-08-09 08:30:00,4.33,16388.967
2023-08-09 08:45:00,4.048,15811.172
2023-08-09 09:00:00,4.897,20699.23
2023-08-09 09:15:00,7.637,30799.057
2023-08-09 09:30:00,7.102,27004.975
2023-08-09 09:45:00,5.974,22297.191
2023-08-09 10:00:00,4.654,17964.531
2023-08-09 10:15:00,4.308,16382.296
2023-08-09 10:30:00,3.82,14629.372
2023-08-09 10:45:00,4.676,19831.393
2023-08-09 11:00:00,8.045,33612.016
2023-08-09 11:15:00,10.814,46645.203
2023-08-09 11:30:00,8.5,29258.574
2023-08-09 11:45:00,11.112,41752.605
2023-08-09 12:00:00,10.527,36172.285
2023-08-09 12:15:00,6.525,25300.467
2023-08-09 12:30:00,12.495,50539.184
2023-08-09 12:45:00,16.191,64562.938
2023-08-09 13:00:00,11.487,46568.227
2023-08-09 13:15:00,7.551,33946.438
2023-08-09 13:30:00,11.366,34716.52
2023-08-09 13:45:00,7.282,26510.512
2023-08-09 14:00:00,12.259,42217.887
2023-08-09 14:15:00,14.706,61076.3
2023-08-09 14:30:00,13.83,27261.71
2023-08-09 14:45:00,12.918,48978.16
2023-08-09 15:00:00,13.415,48374.375
2023-08-09 15:15:00,8.822000000000001,36869.93
2023-08-09 15:30:00,12.512,47506.64
2023-08-09 15:45:00,10.336,36516.777
2023-08-09 16:00:00,9.305,38205.76
2023-08-09 16:15:00,7.85,30718.916
2023-08-09 16:30:00,8.13,33795.71
2023-08-09 16:45:00,6.829,24616.65
2023-08-09 17:00:00,4.913,18009.041
2023-08-09 17:15:00,3.612,13604.312
2023-08-09 17:30:00,2.246,7524.676
2023-08-09 17:45:00,0.929,4105.2974
2023-08-09 18:00:00,0.931,2899.0203
2023-08-09 18:15:00,0.555,2145.731
2023-08-09 18:30:00,0.294,745.032
2023-08-09 18:45:00,0.0,2.9206827
2023-08-09 19:00:00,0.0,0.0
2023-08-10 07:00:00,0.67,2940.6377
2023-08-10 07:15:00,0.833,3251.7031
2023-08-10 07:30:00,0.96,3916.697
2023-08-10 07:45:00,1.62,6915.118
2023-08-10 08:00:00,2.336,9248.825
2023-08-10 08:15:00,2.196,8216.436
2023-08-10 08:30:00,2.12,8743.4375
2023-08-10 08:45:00,3.329,13904.843
2023-08-10 09:00:00,4.439,17566.188
2023-08-10 09:15:00,5.593,22233.809
2023-08-10 09:30:00,5.291,20473.674
2023-08-10 09:45:00,6.893,27780.209
2023-08-10 10:00:00,7.499,29445.572
2023-08-10 10:15:00,7.396,30769.94
2023-08-10 10:30:00,7.561,27005.695
2023-08-10 10:45:00,5.744,22318.508
2023-08-10 11:00:00,3.839,13459.846
2023-08-10 11:15:00,2.642,9757.891
2023-08-10 11:30:00,2.006,8239.773
2023-08-10 11:45:00,3.772,15447.703
2023-08-10 12:00:00,5.65,22399.0
2023-08-10 12:15:00,4.16,14406.148
2023-08-10 12:30:00,3.395,12688.605
2023-08-10 12:45:00,0.914,1974.0818
2023-08-10 13:00:00,0.176,630.7882
2023-08-10 13:15:00,0.172,599.5219
2023-08-10 13:30:00,0.413,2067.2288
2023-08-10 13:45:00,1.239,5243.349
2023-08-10 14:00:00,1.664,6504.1104
2023-08-10 14:15:00,1.578,6119.575
2023-08-10 14:30:00,1.554,5897.2017
2023-08-10 14:45:00,1.299,5038.0586
2023-08-10 15:00:00,1.944,8287.744
2023-08-10 15:15:00,2.451,9336.334
2023-08-10 15:30:00,2.24,8698.556
2023-08-10 15:45:00,2.048,7732.0015
2023-08-10 16:00:00,1.91,7356.3257
2023-08-10 16:15:00,1.68,6358.6914
2023-08-10 16:30:00,1.655,6600.251
2023-08-10 16:45:00,2.143,8621.769
2023-08-10 17:00:00,2.778,11239.629
2023-08-10 17:15:00,3.026,11528.212
2023-08-10 17:30:00,2.418,8859.2705
2023-08-10 17:45:00,1.748,6413.576
2023-08-10 18:00:00,1.215,4399.5137
2023-08-10 18:15:00,0.773,2748.689
2023-08-10 18:30:00,0.33,977.55164
2023-08-10 18:45:00,0.026,93.864456
2023-08-10 19:00:00,0.0,0.0
2023-08-11 07:00:00,1.65,7808.5425
2023-08-11 07:15:00,4.087,16948.271
2023-08-11 07:30:00,4.289,14680.628
2023-08-11 07:45:00,3.972,15035.861
2023-08-11 08:00:00,3.516,12268.99
2023-08-11 08:15:00,2.854,12514.904
2023-08-11 08:30:00,5.018,20151.56
2023-08-11 08:45:00,5.765,24195.012
2023-08-11 09:00:00,6.929,23759.102
2023-08-11 09:15:00,4.2780000000000005,16359.487
2023-08-11 09:30:00,4.9430000000000005,19967.04
2023-08-11 09:45:00,3.017,9824.892
2023-08-11 10:00:00,1.307,5465.4243
2023-08-11 10:15:00,1.509,6302.1953
2023-08-11 10:30:00,1.37,5448.4517
2023-08-11 10:45:00,2.095,8540.65
2023-08-11 11:00:00,1.9,7273.3267
2023-08-11 11:15:00,1.788,7041.9976
2023-08-11 11:30:00,2.148,8728.033
2023-08-11 11:45:00,2.885,11775.288
2023-08-11 12:00:00,3.795,15665.395
2023-08-11 12:15:00,7.285,32471.805
2023-08-11 12:30:00,15.911,64507.082
2023-08-11 12:45:00,12.488,39741.64
2023-08-11 13:00:00,13.602,51753.816
2023-08-11 13:15:00,15.815,62002.332
2023-08-11 13:30:00,14.98,55077.023
2023-08-11 13:45:00,9.384,37493.605
2023-08-11 14:00:00,10.199,39772.273
2023-08-11 14:15:00,10.935,43542.05
2023-08-11 14:30:00,12.905,49689.613
2023-08-11 14:45:00,8.186,31632.166
2023-08-11 15:00:00,8.817,32963.117
2023-08-11 15:15:00,6.602,23585.697
2023-08-11 15:30:00,5.766,22763.521
2023-08-11 15:45:00,5.939,23714.166
2023-08-11 16:00:00,5.822,21709.416
2023-08-11 16:15:00,5.79,22046.355
2023-08-11 16:30:00,4.946,19000.586
2023-08-11 16:45:00,4.192,15717.115
2023-08-11 17:00:00,2.7920000000000003,9215.149
2023-08-11 17:15:00,2.226,9498.929
2023-08-11 17:30:00,2.169,7721.0107
2023-08-11 17:45:00,1.32,4598.144
2023-08-11 18:00:00,0.506,1903.2166
2023-08-11 18:15:00,0.485,1539.7125
2023-08-11 18:30:00,0.049,117.53269
2023-08-11 18:45:00,0.0,0.0
2023-08-11 19:00:00,0.0,0.0
2023-08-12 07:00:00,1.142,4677.309
2023-08-12 07:15:00,1.276,4886.9
2023-08-12 07:30:00,1.355,5677.777
2023-08-12 07:45:00,2.54,10837.219
2023-08-12 08:00:00,4.4350000000000005,17874.05
2023-08-12 08:15:00,2.938,9861.588
2023-08-12 08:30:00,6.259,28949.154
2023-08-12 08:45:00,8.826,35553.004
2023-08-12 09:00:00,9.551,38108.906
2023-08-12 09:15:00,11.26,46151.99
2023-08-12 09:30:00,12.124,52458.426
2023-08-12 09:45:00,11.066,40016.617
2023-08-12 10:00:00,12.531,53097.88
2023-08-12 10:15:00,11.276,35435.863
2023-08-12 10:30:00,4.901,17237.035
2023-08-12 10:45:00,6.522,27987.682
2023-08-12 11:00:00,10.135,24642.312
2023-08-12 11:15:00,15.356,62809.52
2023-08-12 11:30:00,9.9,29302.607
2023-08-12 11:45:00,6.332,22104.66
2023-08-12 12:00:00,8.108,40115.06
2023-08-12 12:15:00,13.516,52063.203
2023-08-12 12:30:00,12.951,49302.227
2023-08-12 12:45:00,10.431,24053.514
2023-08-12 13:00:00,10.71,38018.742
2023-08-12 13:15:00,10.894,64831.97
2023-08-12 13:30:00,10.422,41621.113
2023-08-12 13:45:00,12.908,57197.625
2023-08-12 14:00:00,14.404,51998.805
2023-08-12 14:15:00,15.3,65354.223
2023-08-12 14:30:00,7.491,24750.834
2023-08-12 14:45:00,5.966,25070.924
2023-08-12 15:00:00,6.609,20504.598
2023-08-12 15:15:00,4.658,17449.84
2023-08-12 15:30:00,2.36,8280.781
2023-08-12 15:45:00,6.3870000000000005,26292.373
2023-08-12 16:00:00,12.229,47034.863
2023-08-12 16:15:00,7.649,28411.334
2023-08-12 16:30:00,5.299,21515.205
2023-08-12 16:45:00,5.088,18554.822
2023-08-12 17:00:00,2.897,11272.2705
2023-08-12 17:15:00,3.87,15244.806
2023-08-12 17:30:00,2.084,7023.4517
2023-08-12 17:45:00,0.889,3040.431
2023-08-12 18:00:00,0.448,1564.4115
2023-08-12 18:15:00,0.281,1036.4534
2023-08-12 18:30:00,0.171,575.9636
2023-08-12 18:45:00,0.0,29.219461
2023-08-12 19:00:00,0.0,0.0
2023-08-13 07:00:00,1.12,5447.2876
2023-08-13 07:15:00,2.0380000000000003,8189.6987
2023-08-13 07:30:00,2.672,10990.7705
2023-08-13 07:45:00,3.614,14606.358
2023-08-13 08:00:00,4.466,18165.355
2023-08-13 08:15:00,5.601,22873.02
2023-08-13 08:30:00,6.321,21950.625
2023-08-13 08:45:00,5.897,27649.148
2023-08-13 09:00:00,5.055,13594.122
2023-08-13 09:15:00,4.457,18380.158
2023-08-13 09:30:00,2.074,8344.247
2023-08-13 09:45:00,1.715,8954.211
2023-08-13 10:00:00,5.029,34115.18
2023-08-13 10:15:00,7.239,17560.295
2023-08-13 10:30:00,1.432,7152.3755
2023-08-13 10:45:00,3.353,13587.904
2023-08-13 11:00:00,4.605,17606.527
2023-08-13 11:15:00,8.566,44776.55
2023-08-13 11:30:00,16.739,66582.38
2023-08-13 11:45:00,16.622,66540.47
2023-08-13 12:00:00,16.677,65622.66
2023-08-13 12:15:00,9.908,31481.666
2023-08-13 12:30:00,4.25,14990.693
2023-08-13 12:45:00,2.73,11740.226
2023-08-13 13:00:00,4.154,16625.283
2023-08-13 13:15:00,4.813,18910.686
2023-08-13 13:30:00,5.666,23914.453
2023-08-13 13:45:00,7.366,33793.777
2023-08-13 14:00:00,5.649,16714.953
2023-08-13 14:15:00,4.589,17562.852
2023-08-13 14:30:00,3.4290000000000003,11708.18
2023-08-13 14:45:00,2.468,9318.648
2023-08-13 15:00:00,2.65,10822.3
2023-08-13 15:15:00,3.301,13017.983
2023-08-13 15:30:00,2.575,9438.462
2023-08-13 15:45:00,2.391,9300.837
2023-08-13 16:00:00,2.086,7487.664
2023-08-13 16:15:00,1.773,6985.6763
2023-08-13 16:30:00,1.799,6065.8584
2023-08-13 16:45:00,1.188,4505.7583
2023-08-13 17:00:00,0.763,2560.81
2023-08-13 17:15:00,1.004,4695.865
2023-08-13 17:30:00,1.22,4338.3
2023-08-13 17:45:00,0.895,3490.7507
2023-08-13 18:00:00,1.009,3792.3655
2023-08-13 18:15:00,0.6910000000000001,2449.1536
2023-08-13 18:30:00,0.299,881.61975
2023-08-13 18:45:00,0.0,0.15569732
2023-08-13 19:00:00,0.0,0.0
2023-08-14 07:00:00,0.769,2831.6826
2023-08-14 07:15:00,0.864,3709.403
2023-08-14 07:30:00,1.387,6274.702
2023-08-14 07:45:00,2.216,8346.064
2023-08-14 08:00:00,3.874,17363.65
2023-08-14 08:15:00,3.404,14064.87
2023-08-14 08:30:00,4.124,16246.758
2023-08-14 08:45:00,3.5660000000000003,12211.339
2023-08-14 09:00:00,5.16,19613.059
2023-08-14 09:15:00,3.623,11419.248
2023-08-14 09:30:00,4.293,16683.709
2023-08-14 09:45:00,5.789,23420.41
2023-08-14 10:00:00,9.053,35588.906
2023-08-14 10:15:00,12.675,45104.76
2023-08-14 10:30:00,8.945,39759.45
2023-08-14 10:45:00,8.732,45797.78
2023-08-14 11:00:00,3.956,12748.036
2023-08-14 11:15:00,9.82,39438.0
2023-08-14 11:30:00,7.083,24141.06
2023-08-14 11:45:00,4.879,19059.852
2023-08-14 12:00:00,5.352,22119.83
2023-08-14 12:15:00,7.615,29886.006
2023-08-14 12:30:00,7.936,30312.38
2023-08-14 12:45:00,6.285,23747.314
2023-08-14 13:00:00,7.952,32240.91
2023-08-14 13:15:00,7.889,32414.96
2023-08-14 13:30:00,8.632,36632.82
2023-08-14 13:45:00,10.48,41614.957
2023-08-14 14:00:00,11.701,50261.8
2023-08-14 14:15:00,10.202,31219.832
2023-08-14 14:30:00,9.734,33927.36
2023-08-14 14:45:00,12.231,44706.75
2023-08-14 15:00:00,12.376,48651.344
2023-08-14 15:15:00,10.607,44671.824
2023-08-14 15:30:00,11.249,42175.695
2023-08-14 15:45:00,10.845,41242.637
2023-08-14 16:00:00,5.602,22865.027
2023-08-14 16:15:00,5.3100000000000005,14681.12
2023-08-14 16:30:00,3.895,18600.363
2023-08-14 16:45:00,6.213,24363.834
2023-08-14 17:00:00,3.909,11498.406
2023-08-14 17:15:00,1.468,4546.848
2023-08-14 17:30:00,0.983,3485.8616
2023-08-14 17:45:00,0.899,3484.3982
2023-08-14 18:00:00,0.799,2821.6455
2023-08-14 18:15:00,0.4,1240.7323
2023-08-14 18:30:00,0.087,230.81714
2023-08-14 18:45:00,0.0,0.0
2023-08-14 19:00:00,0.0,0.0
2023-08-15 07:00:00,1.93,7955.4346
2023-08-15 07:15:00,2.883,12107.16
2023-08-15 07:30:00,3.89,16040.858
2023-08-15 07:45:00,4.759,19512.902
2023-08-15 08:00:00,5.553,23560.734
2023-08-15 08:15:00,6.689,26672.234
2023-08-15 08:30:00,7.459,23070.95
2023-08-15 08:45:00,6.245,20900.764
2023-08-15 09:00:00,8.77,34709.883
2023-08-15 09:15:00,10.039,46466.42
2023-08-15 09:30:00,12.745,58711.56
2023-08-15 09:45:00,13.989,54237.004
2023-08-15 10:00:00,10.856,32784.277
2023-08-15 10:15:00,9.609,37487.42
2023-08-15 10:30:00,13.242,45863.75
2023-08-15 10:45:00,14.244,49225.824
2023-08-15 11:00:00,12.652,65274.312
2023-08-15 11:15:00,13.245,55292.707
2023-08-15 11:30:00,11.585,41450.62
2023-08-15 11:45:00,8.758000000000001,33226.504
2023-08-15 12:00:00,14.35,42452.19
2023-08-15 12:15:00,9.828,31388.695
2023-08-15 12:30:00,11.743,56933.566
2023-08-15 12:45:00,12.875,66573.164
2023-08-15 13:00:00,15.029,53712.508
2023-08-15 13:15:00,16.131,65801.81
2023-08-15 13:30:00,14.577,66295.91
2023-08-15 13:45:00,7.163,15167.882
2023-08-15 14:00:00,5.144,33981.137
2023-08-15 14:15:00,8.47,26596.018
2023-08-15 14:30:00,7.41,25097.895
2023-08-15 14:45:00,10.256,35683.77
2023-08-15 15:00:00,12.922,53396.758
2023-08-15 15:15:00,11.311,41817.723
2023-08-15 15:30:00,8.543000000000001,27713.488
2023-08-15 15:45:00,7.216,23253.928
2023-08-15 16:00:00,6.588,27766.86
2023-08-15 16:15:00,7.916,24902.133
2023-08-15 16:30:00,5.344,21296.191
2023-08-15 16:45:00,5.157,20363.86
2023-08-15 17:00:00,2.585,10825.129
2023-08-15 17:15:00,1.826,7312.105
2023-08-15 17:30:00,1.359,4504.5405
2023-08-15 17:45:00,0.738,2611.0261
2023-08-15 18:00:00,0.409,1425.0833
2023-08-15 18:15:00,0.209,715.657
2023-08-15 18:30:00,0.061,173.79411
2023-08-15 18:45:00,0.0,0.0
2023-08-15 19:00:00,0.0,0.0
2023-08-16 07:00:00,2.738,9984.282
2023-08-16 07:15:00,3.914,17206.22
2023-08-16 07:30:00,4.156,19749.893
2023-08-16 07:45:00,4.777,20927.012
2023-08-16 08:00:00,6.023,25591.346
2023-08-16 08:15:00,7.76,24323.133
2023-08-16 08:30:00,6.339,13065.724
2023-08-16 08:45:00,8.296,43291.195
2023-08-16 09:00:00,8.297,29402.271
2023-08-16 09:15:00,8.529,34219.684
2023-08-16 09:30:00,10.454,39924.8
2023-08-16 09:45:00,10.518,47213.215
2023-08-16 10:00:00,13.569,57347.777
2023-08-16 10:15:00,13.993,54230.547
2023-08-16 10:30:00,15.204,49895.76
2023-08-16 10:45:00,6.921,19030.082
2023-08-16 11:00:00,9.628,37520.625
2023-08-16 11:15:00,9.564,38816.02
2023-08-16 11:30:00,12.986,56018.414
2023-08-16 11:45:00,12.329,50323.477
2023-08-16 12:00:00,12.078,42582.742
2023-08-16 12:15:00,9.201,23724.223
2023-08-16 12:30:00,10.584,35414.6
2023-08-16 12:45:00,12.651,45792.65
2023-08-16 13:00:00,6.436,23803.186
2023-08-16 13:15:00,11.422,37862.496
2023-08-16 13:30:00,15.502,44947.55
2023-08-16 13:45:00,13.547,48224.8
2023-08-16 14:00:00,7.893,31791.906
2023-08-16 14:15:00,9.986,40384.785
2023-08-16 14:30:00,12.268,40527.164
2023-08-16 14:45:00,13.975,53862.625
2023-08-16 15:00:00,13.355,51857.508
2023-08-16 15:15:00,12.712,48783.137
2023-08-16 15:30:00,11.799,45347.062
2023-08-16 15:45:00,10.83,41448.4
2023-08-16 16:00:00,9.736,36734.547
2023-08-16 16:15:00,7.991,27928.309
2023-08-16 16:30:00,6.351,24458.404
2023-08-16 16:45:00,5.593,22064.77
2023-08-16 17:00:00,3.934,14151.434
2023-08-16 17:15:00,3.888,15284.301
2023-08-16 17:30:00,3.3240000000000003,12667.565
2023-08-16 17:45:00,3.069,11341.704
2023-08-16 18:00:00,1.886,6921.887
2023-08-16 18:15:00,1.154,3874.4744
2023-08-16 18:30:00,0.386,1131.6249
2023-08-16 18:45:00,0.0,3.998306
2023-08-16 19:00:00,0.0,0.0
2023-08-17 07:00:00,2.895,12230.114
2023-08-17 07:15:00,3.781,16932.686
2023-08-17 07:30:00,4.244,14572.842
2023-08-17 07:45:00,4.781,21720.3
2023-08-17 08:00:00,6.013,21838.225
2023-08-17 08:15:00,5.037,29370.752
2023-08-17 08:30:00,6.692,24312.424
2023-08-17 08:45:00,8.044,26856.277
2023-08-17 09:00:00,6.917,27058.232
2023-08-17 09:15:00,10.27,41680.086
2023-08-17 09:30:00,9.139,28579.344
2023-08-17 09:45:00,9.414,31748.621
2023-08-17 10:00:00,13.076,56166.25
2023-08-17 10:15:00,13.784,62246.54
2023-08-17 10:30:00,14.806,62953.05
2023-08-17 10:45:00,15.048,56672.766
2023-08-17 11:00:00,13.304,60297.11
2023-08-17 11:15:00,14.832,48251.918
2023-08-17 11:30:00,14.73,59811.414
2023-08-17 11:45:00,11.883,47869.12
2023-08-17 12:00:00,15.46,55132.0
2023-08-17 12:15:00,4.9590000000000005,16449.63
2023-08-17 12:30:00,2.645,9095.242
2023-08-17 12:45:00,1.436,5062.079
2023-08-17 13:00:00,0.873,3214.632
2023-08-17 13:15:00,0.533,1908.0938
2023-08-17 13:30:00,0.397,1521.2355
2023-08-17 13:45:00,0.44,1614.4377
2023-08-17 14:00:00,0.025,336.67957
2023-08-17 14:15:00,0.549,2291.3823
2023-08-17 14:30:00,0.782,3263.0598
2023-08-17 14:45:00,1.325,5768.6274
2023-08-17 15:00:00,2.471,10035.023
2023-08-17 15:15:00,2.228,7834.721
2023-08-17 15:30:00,2.095,8994.342
2023-08-17 15:45:00,3.084,11112.028
2023-08-17 16:00:00,1.898,7131.351
2023-08-17 16:15:00,1.438,5296.2686
2023-08-17 16:30:00,1.036,3855.1506
2023-08-17 16:45:00,0.873,3305.535
2023-08-17 17:00:00,0.66,2419.1057
2023-08-17 17:15:00,0.528,2001.3474
2023-08-17 17:30:00,0.463,1852.4937
2023-08-17 17:45:00,0.456,1630.5646
2023-08-17 18:00:00,0.246,890.00323
2023-08-17 18:15:00,0.151,515.08264
2023-08-17 18:30:00,0.033,101.49809
2023-08-17 18:45:00,0.0,0.0
2023-08-17 19:00:00,0.0,0.0
2023-08-18 07:00:00,1.852,8148.36
2023-08-18 07:15:00,3.548,14869.881
2023-08-18 07:30:00,3.298,13150.453
2023-08-18 07:45:00,4.896,18482.014
2023-08-18 08:00:00,4.812,18008.889
2023-08-18 08:15:00,5.348,25830.203
2023-08-18 08:30:00,8.41,32966.836
2023-08-18 08:45:00,9.546,32932.715
2023-08-18 09:00:00,6.29,17803.21
2023-08-18 09:15:00,4.906,20265.852
2023-08-18 09:30:00,7.199,22598.625
2023-08-18 09:45:00,6.612,26604.344
2023-08-18 10:00:00,6.221,23309.055
2023-08-18 10:15:00,1.904,4102.8457
2023-08-18 10:30:00,0.128,414.86777
2023-08-18 10:45:00,0.161,559.6184
2023-08-18 11:00:00,0.003,51.68247
2023-08-18 11:15:00,0.0,114.51151
2023-08-18 11:30:00,0.119,615.8923
2023-08-18 11:45:00,0.163,915.5342
2023-08-18 12:00:00,0.361,1375.6704
2023-08-18 12:15:00,0.8210000000000001,3658.1187
2023-08-18 12:30:00,1.386,5497.9507
2023-08-18 12:45:00,1.327,5304.1553
2023-08-18 13:00:00,2.07,8689.063
2023-08-18 13:15:00,3.164,13296.508
2023-08-18 13:30:00,4.504,17988.44
2023-08-18 13:45:00,5.332,21174.932
2023-08-18 14:00:00,5.809,22852.047
2023-08-18 14:15:00,6.132000000000001,23701.785
2023-08-18 14:30:00,6.147,24411.979
2023-08-18 14:45:00,6.1850000000000005,24507.004
2023-08-18 15:00:00,6.351,24385.012
2023-08-18 15:15:00,7.015000000000001,27846.432
2023-08-18 15:30:00,5.724,22192.857
2023-08-18 15:45:00,5.39,20118.305
2023-08-18 16:00:00,4.721,17256.406
2023-08-18 16:15:00,3.768,15192.939
2023-08-18 16:30:00,3.758,13594.323
2023-08-18 16:45:00,2.29,8492.074
2023-08-18 17:00:00,1.298,4408.8037
2023-08-18 17:15:00,0.929,4146.0303
2023-08-18 17:30:00,2.14,8409.993
2023-08-18 17:45:00,2.261,9050.857
2023-08-18 18:00:00,1.691,5849.6724
2023-08-18 18:15:00,0.585,1793.7843
2023-08-18 18:30:00,0.144,395.26492
2023-08-18 18:45:00,0.0,0.0
2023-08-18 19:00:00,0.0,0.0
2023-08-19 07:00:00,1.154,4467.8193
2023-08-19 07:15:00,1.245,5199.0625
2023-08-19 07:30:00,2.549,11739.458
2023-08-19 07:45:00,3.678,12795.944
2023-08-19 08:00:00,3.685,14281.124
2023-08-19 08:15:00,4.1450000000000005,17653.049
2023-08-19 08:30:00,6.68,29619.988
2023-08-19 08:45:00,9.843,37397.96
2023-08-19 09:00:00,8.759,35151.18
2023-08-19 09:15:00,6.88,23474.22
2023-08-19 09:30:00,9.276,38924.832
2023-08-19 09:45:00,6.064,17281.764
2023-08-19 10:00:00,2.359,8412.744
2023-08-19 10:15:00,2.65,11013.962
2023-08-19 10:30:00,2.873,11305.454
2023-08-19 10:45:00,3.925,15745.13
2023-08-19 11:00:00,5.218,21079.707
2023-08-19 11:15:00,7.0520000000000005,28352.984
2023-08-19 11:30:00,5.336,19790.324
2023-08-19 11:45:00,5.5760000000000005,24117.178
2023-08-19 12:00:00,9.361,38367.406
2023-08-19 12:15:00,4.7250000000000005,20712.443
2023-08-19 12:30:00,6.204,23296.354
2023-08-19 12:45:00,2.327,7170.8887
2023-08-19 13:00:00,1.678,6821.818
2023-08-19 13:15:00,2.012,8002.226
2023-08-19 13:30:00,2.321,9326.161
2023-08-19 13:45:00,2.832,11391.124
2023-08-19 14:00:00,3.264,12820.72
2023-08-19 14:15:00,3.178,11988.467
2023-08-19 14:30:00,2.632,10010.783
2023-08-19 14:45:00,2.922,11994.027
2023-08-19 15:00:00,4.049,16562.904
2023-08-19 15:15:00,5.643,23079.074
2023-08-19 15:30:00,6.598,25518.115
2023-08-19 15:45:00,6.016,22692.82
2023-08-19 16:00:00,6.256,26184.068
2023-08-19 16:15:00,9.327,35840.44
2023-08-19 16:30:00,7.924,30290.123
2023-08-19 16:45:00,5.879,21296.465
2023-08-19 17:00:00,3.671,11905.079
2023-08-19 17:15:00,1.921,7189.0205
2023-08-19 17:30:00,1.72,6583.419
2023-08-19 17:45:00,1.47,5486.7456
2023-08-19 18:00:00,1.068,3835.002
2023-08-19 18:15:00,0.595,2024.5913
2023-08-19 18:30:00,0.184,484.40427
2023-08-19 18:45:00,0.0,0.0
2023-08-19 19:00:00,0.0,0.0
2023-08-20 07:00:00,0.278,1185.2057
2023-08-20 07:15:00,0.606,2444.9734
2023-08-20 07:30:00,0.522,1982.88
2023-08-20 07:45:00,0.739,3351.515
2023-08-20 08:00:00,4.112,18271.121
2023-08-20 08:15:00,6.626,27575.898
2023-08-20 08:30:00,9.746,40210.85
2023-08-20 08:45:00,10.097,40952.113
2023-08-20 09:00:00,12.318,47707.13
2023-08-20 09:15:00,11.716,46345.39
2023-08-20 09:30:00,13.238,50569.152
2023-08-20 09:45:00,14.265,51703.023
2023-08-20 10:00:00,15.536,56632.207
2023-08-20 10:15:00,8.858,23754.064
2023-08-20 10:30:00,6.844,27147.771
2023-08-20 10:45:00,5.54,23590.982
2023-08-20 11:00:00,6.572,23871.062
2023-08-20 11:15:00,4.9030000000000005,19743.49
2023-08-20 11:30:00,5.798,23006.418
2023-08-20 11:45:00,6.532,25970.64
2023-08-20 12:00:00,7.437,29283.646
2023-08-20 12:15:00,7.887,31448.404
2023-08-20 12:30:00,9.534,36956.977
2023-08-20 12:45:00,8.808,31972.385
2023-08-20 13:00:00,7.272,27504.707
2023-08-20 13:15:00,8.045,32485.469
2023-08-20 13:30:00,7.68,29028.047
2023-08-20 13:45:00,6.816,26093.684
2023-08-20 14:00:00,6.031,23193.13
2023-08-20 14:15:00,6.44,25124.838
2023-08-20 14:30:00,5.958,22811.479
2023-08-20 14:45:00,5.909,22796.158
2023-08-20 15:00:00,6.594,24829.3
2023-08-20 15:15:00,5.5760000000000005,22219.541
2023-08-20 15:30:00,4.069,16088.018
2023-08-20 15:45:00,3.645,14533.066
2023-08-20 16:00:00,4.331,16850.17
2023-08-20 16:15:00,3.123,12015.012
2023-08-20 16:30:00,2.843,11048.528
2023-08-20 16:45:00,3.287,12806.755
2023-08-20 17:00:00,1.958,7003.8433
2023-08-20 17:15:00,1.55,6043.991
2023-08-20 17:30:00,1.197,4669.824
2023-08-20 17:45:00,0.5650000000000001,1918.9722
2023-08-20 18:00:00,0.448,1804.9064
2023-08-20 18:15:00,0.334,1137.3776
2023-08-20 18:30:00,0.105,277.4751
2023-08-20 18:45:00,0.0,0.0
2023-08-20 19:00:00,0.0,0.0
2023-08-21 07:00:00,0.976,3361.084
2023-08-21 07:15:00,1.802,7888.8687
2023-08-21 07:30:00,3.337,17459.12
2023-08-21 07:45:00,4.772,19625.873
2023-08-21 08:00:00,4.729,17018.492
2023-08-21 08:15:00,3.4490000000000003,16413.549
2023-08-21 08:30:00,6.776,18544.906
2023-08-21 08:45:00,3.706,14365.575
2023-08-21 09:00:00,2.323,8527.883
2023-08-21 09:15:00,6.867,32638.299
2023-08-21 09:30:00,14.364,59460.33
2023-08-21 09:45:00,13.273,59256.215
2023-08-21 10:00:00,13.858,52133.46
2023-08-21 10:15:00,10.275,31439.748
2023-08-21 10:30:00,9.751,30809.91
2023-08-21 10:45:00,7.645,25672.342
2023-08-21 11:00:00,3.087,13791.1045
2023-08-21 11:15:00,3.006,10432.3125
2023-08-21 11:30:00,3.573,14426.583
2023-08-21 11:45:00,6.6850000000000005,27170.51
2023-08-21 12:00:00,5.3100000000000005,22229.77
2023-08-21 12:15:00,14.109,54675.117
2023-08-21 12:30:00,16.137,60718.3
2023-08-21 12:45:00,11.128,39850.22
2023-08-21 13:00:00,5.106,19925.219
2023-08-21 13:15:00,9.387,39723.113
2023-08-21 13:30:00,5.5280000000000005,15108.835
2023-08-21 13:45:00,4.168,20228.926
2023-08-21 14:00:00,5.718,19933.832
2023-08-21 14:15:00,4.961,20119.863
2023-08-21 14:30:00,5.063,18812.836
2023-08-21 14:45:00,4.8420000000000005,20481.219
2023-08-21 15:00:00,6.095,25479.803
2023-08-21 15:15:00,11.834,47880.38
2023-08-21 15:30:00,12.043,49580.23
2023-08-21 15:45:00,11.52,48022.26
2023-08-21 16:00:00,5.772,12217.729
2023-08-21 16:15:00,2.638,8307.315
2023-08-21 16:30:00,2.267,8558.684
2023-08-21 16:45:00,1.944,7169.0254
2023-08-21 17:00:00,1.297,4649.5166
2023-08-21 17:15:00,0.809,2909.2375
2023-08-21 17:30:00,0.529,1935.3221
2023-08-21 17:45:00,0.356,1288.6608
2023-08-21 18:00:00,0.214,741.8569
2023-08-21 18:15:00,0.064,168.16913
2023-08-21 18:30:00,0.0,0.0
2023-08-21 18:45:00,0.0,0.0
2023-08-21 19:00:00,0.0,0.0
2023-08-22 07:00:00,2.776,11372.141
2023-08-22 07:15:00,3.5380000000000003,14149.3545
2023-08-22 07:30:00,4.287,16818.672
2023-08-22 07:45:00,5.324,20890.91
2023-08-22 08:00:00,4.39,15688.212
2023-08-22 08:15:00,5.8950000000000005,22490.475
2023-08-22 08:30:00,7.48,28876.074
2023-08-22 08:45:00,10.104,40132.39
2023-08-22 09:00:00,11.189,46005.133
2023-08-22 09:15:00,10.754,40362.703
2023-08-22 09:30:00,13.503,53368.78
2023-08-22 09:45:00,15.244,59853.88
2023-08-22 10:00:00,15.263,58023.02
2023-08-22 10:15:00,14.716,57774.445
2023-08-22 10:30:00,16.068,64813.582
2023-08-22 10:45:00,14.313,53735.215
2023-08-22 11:00:00,13.014,66659.99
2023-08-22 11:15:00,15.619,65549.445
2023-08-22 11:30:00,9.804,40397.21
2023-08-22 11:45:00,8.793000000000001,33420.867
2023-08-22 12:00:00,4.078,24826.018
2023-08-22 12:15:00,11.938,29210.797
2023-08-22 12:30:00,5.862,33005.625
2023-08-22 12:45:00,12.87,41768.758
2023-08-22 13:00:00,10.514,42318.18
2023-08-22 13:15:00,12.692,39648.832
2023-08-22 13:30:00,4.0200000000000005,15986.858
2023-08-22 13:45:00,5.07,21011.102
2023-08-22 14:00:00,9.376,40565.727
2023-08-22 14:15:00,12.376,55880.38
2023-08-22 14:30:00,12.808,51201.082
2023-08-22 14:45:00,13.246,52109.363
2023-08-22 15:00:00,12.56,46315.656
2023-08-22 15:15:00,9.247,28516.309
2023-08-22 15:30:00,8.65,32214.65
2023-08-22 15:45:00,5.422,16828.521
2023-08-22 16:00:00,2.106,7771.3926
2023-08-22 16:15:00,2.01,7881.436
2023-08-22 16:30:00,2.024,7899.391
2023-08-22 16:45:00,2.066,7919.4556
2023-08-22 17:00:00,1.672,6110.0703
2023-08-22 17:15:00,1.132,4114.0615
2023-08-22 17:30:00,0.8250000000000001,3090.1995
2023-08-22 17:45:00,0.658,2438.2708
2023-08-22 18:00:00,0.451,1607.6066
2023-08-22 18:15:00,0.176,493.78537
2023-08-22 18:30:00,0.0,0.0
2023-08-22 18:45:00,0.0,0.0
2023-08-22 19:00:00,0.0,0.0
2023-08-23 07:00:00,0.539,2240.4773
2023-08-23 07:15:00,0.708,2779.6216
2023-08-23 07:30:00,0.934,3840.035
2023-08-23 07:45:00,1.43,6052.7695
2023-08-23 08:00:00,2.265,9256.274
2023-08-23 08:15:00,2.878,12024.859
2023-08-23 08:30:00,4.9750000000000005,20852.45
2023-08-23 08:45:00,5.618,26154.682
2023-08-23 09:00:00,12.495,50231.19
2023-08-23 09:15:00,13.62,50231.93
2023-08-23 09:30:00,9.628,46327.266
2023-08-23 09:45:00,5.418,27846.13
2023-08-23 10:00:00,14.437,64521.867
2023-08-23 10:15:00,10.48,47943.438
2023-08-23 10:30:00,10.926,45726.098
2023-08-23 10:45:00,15.662,58318.734
2023-08-23 11:00:00,14.017,66154.69
2023-08-23 11:15:00,14.462,51280.34
2023-08-23 11:30:00,15.229,58382.477
2023-08-23 11:45:00,16.432,65089.8
2023-08-23 12:00:00,16.319,62511.2
2023-08-23 12:15:00,13.409,48525.598
2023-08-23 12:30:00,14.026,24948.484
2023-08-23 12:45:00,14.669,65507.465
2023-08-23 13:00:00,14.744,54757.023
2023-08-23 13:15:00,14.424,51259.082
2023-08-23 13:30:00,14.99,55229.977
2023-08-23 13:45:00,13.216,46447.246
2023-08-23 14:00:00,8.678,37107.605
2023-08-23 14:15:00,8.849,29859.188
2023-08-23 14:30:00,7.313,36038.414
2023-08-23 14:45:00,9.122,38750.664
2023-08-23 15:00:00,10.628,40279.523
2023-08-23 15:15:00,10.225,40777.36
2023-08-23 15:30:00,9.212,35444.957
2023-08-23 15:45:00,8.271,31942.96
2023-08-23 16:00:00,6.447,23161.066
2023-08-23 16:15:00,5.249,20538.92
2023-08-23 16:30:00,4.823,18241.705
2023-08-23 16:45:00,3.93,14346.781
2023-08-23 17:00:00,2.453,8959.462
2023-08-23 17:15:00,1.877,6822.761
2023-08-23 17:30:00,1.305,4837.6333
2023-08-23 17:45:00,0.841,3015.4595
2023-08-23 18:00:00,0.537,1868.5469
2023-08-23 18:15:00,0.219,700.7002
2023-08-23 18:30:00,0.007,56.091225
2023-08-23 18:45:00,0.0,0.0
2023-08-23 19:00:00,0.0,0.0
2023-08-24 07:00:00,0.0,56.39045
2023-08-24 07:15:00,0.079,431.45718
2023-08-24 07:30:00,0.285,925.7921
2023-08-24 07:45:00,0.0,67.46212
2023-08-24 08:00:00,0.244,895.1302
2023-08-24 08:15:00,0.538,2547.4668
2023-08-24 08:30:00,0.969,4020.9604
2023-08-24 08:45:00,1.481,5615.2305
2023-08-24 09:00:00,1.218,4674.778
2023-08-24 09:15:00,1.51,7503.7515
2023-08-24 09:30:00,3.447,13596.404
2023-08-24 09:45:00,3.859,15555.279
2023-08-24 10:00:00,3.791,12139.955
2023-08-24 10:15:00,2.871,13956.534
2023-08-24 10:30:00,5.852,22025.31
2023-08-24 10:45:00,4.516,21705.28
2023-08-24 11:00:00,12.745,46524.57
2023-08-24 11:15:00,8.117,35147.36
2023-08-24 11:30:00,11.781,37588.11
2023-08-24 11:45:00,4.988,23608.252
2023-08-24 12:00:00,14.304,58728.93
2023-08-24 12:15:00,11.232,39059.293
2023-08-24 12:30:00,11.255,41532.414
2023-08-24 12:45:00,9.349,35131.246
2023-08-24 13:00:00,12.734,45218.793
2023-08-24 13:15:00,7.908,28753.553
2023-08-24 13:30:00,10.794,44953.254
2023-08-24 13:45:00,15.045,56906.8
2023-08-24 14:00:00,12.1,48756.074
2023-08-24 14:15:00,11.186,40798.98
2023-08-24 14:30:00,9.445,37015.31
2023-08-24 14:45:00,8.43,33469.92
2023-08-24 15:00:00,6.4910000000000005,25071.318
2023-08-24 15:15:00,4.439,15140.178
2023-08-24 15:30:00,3.415,12584.032
2023-08-24 15:45:00,3.198,12199.809
2023-08-24 16:00:00,3.611,14827.322
2023-08-24 16:15:00,2.948,10709.171
2023-08-24 16:30:00,3.472,14186.667
2023-08-24 16:45:00,3.517,13198.342
2023-08-24 17:00:00,2.802,10405.608
2023-08-24 17:15:00,2.151,7997.9824
2023-08-24 17:30:00,1.59,5752.769
2023-08-24 17:45:00,0.977,3468.6843
2023-08-24 18:00:00,0.479,1564.0669
2023-08-24 18:15:00,0.115,294.94202
2023-08-24 18:30:00,0.0,0.0
2023-08-24 18:45:00,0.0,0.0
2023-08-24 19:00:00,0.0,0.0
2023-08-25 07:00:00,1.322,6707.5664
2023-08-25 07:15:00,2.268,10509.299
2023-08-25 07:30:00,5.085,20166.072
2023-08-25 07:45:00,5.352,20237.252
2023-08-25 08:00:00,6.566,24561.258
2023-08-25 08:15:00,6.4350000000000005,27370.633
2023-08-25 08:30:00,7.761,31164.885
2023-08-25 08:45:00,9.226,36860.816
2023-08-25 09:00:00,10.62,41852.26
2023-08-25 09:15:00,11.849,46837.785
2023-08-25 09:30:00,12.751,50028.52
2023-08-25 09:45:00,14.131,55971.02
2023-08-25 10:00:00,13.735,58700.64
2023-08-25 10:15:00,15.518,60445.42
2023-08-25 10:30:00,16.389,64152.098
2023-08-25 10:45:00,15.981,49856.24
2023-08-25 11:00:00,12.658,57846.797
2023-08-25 11:15:00,6.146,22410.283
2023-08-25 11:30:00,8.722,28518.139
2023-08-25 11:45:00,13.169,50867.77
2023-08-25 12:00:00,14.528,58636.625
2023-08-25 12:15:00,11.376,38979.246
2023-08-25 12:30:00,5.433,19391.041
2023-08-25 12:45:00,6.0200000000000005,19729.469
2023-08-25 13:00:00,4.871,14612.313
2023-08-25 13:15:00,5.203,21238.084
2023-08-25 13:30:00,4.454,13595.301
2023-08-25 13:45:00,1.371,4755.2617
2023-08-25 14:00:00,0.421,1345.7856
2023-08-25 14:15:00,0.557,2736.2012
2023-08-25 14:30:00,1.716,7260.0938
2023-08-25 14:45:00,1.693,6413.5874
2023-08-25 15:00:00,2.143,8545.689
2023-08-25 15:15:00,1.835,6729.216
2023-08-25 15:30:00,1.967,7986.354
2023-08-25 15:45:00,1.425,4811.142
2023-08-25 16:00:00,1.642,7253.2603
2023-08-25 16:15:00,2.565,9579.922
2023-08-25 16:30:00,1.644,5632.668
2023-08-25 16:45:00,0.8290000000000001,3097.175
2023-08-25 17:00:00,1.519,6565.8213
2023-08-25 17:15:00,1.824,6841.333
2023-08-25 17:30:00,1.368,5010.0015
2023-08-25 17:45:00,0.893,3192.4753
2023-08-25 18:00:00,0.556,2002.5719
2023-08-25 18:15:00,0.305,991.157
2023-08-25 18:30:00,0.014,71.19471
2023-08-25 18:45:00,0.0,0.0
2023-08-25 19:00:00,0.0,0.0
2023-08-26 07:00:00,1.84,8327.957
2023-08-26 07:15:00,2.607,11854.822
2023-08-26 07:30:00,6.569,23819.215
2023-08-26 07:45:00,6.2490000000000006,18073.494
2023-08-26 08:00:00,3.395,11011.405
2023-08-26 08:15:00,2.724,8369.42
2023-08-26 08:30:00,4.696,13704.209
2023-08-26 08:45:00,4.655,23369.3
2023-08-26 09:00:00,9.092,41217.688
2023-08-26 09:15:00,10.538,36427.3
2023-08-26 09:30:00,8.273,28219.658
2023-08-26 09:45:00,9.557,38696.68
2023-08-26 10:00:00,12.674,41398.47
2023-08-26 10:15:00,7.575,15234.7
2023-08-26 10:30:00,1.99,7858.6606
2023-08-26 10:45:00,2.248,9202.465
2023-08-26 11:00:00,3.508,14306.779
2023-08-26 11:15:00,4.92,20265.531
2023-08-26 11:30:00,7.8,31953.826
2023-08-26 11:45:00,7.463,27446.672
2023-08-26 12:00:00,7.973,29466.947
2023-08-26 12:15:00,6.755,29092.182
2023-08-26 12:30:00,9.033,46024.145
2023-08-26 12:45:00,7.928,25751.848
2023-08-26 13:00:00,8.035,33569.53
2023-08-26 13:15:00,9.262,37742.656
2023-08-26 13:30:00,8.411,35238.324
2023-08-26 13:45:00,4.977,18897.76
2023-08-26 14:00:00,7.157,27101.117
2023-08-26 14:15:00,4.501,15240.039
2023-08-26 14:30:00,3.249,13177.31
2023-08-26 14:45:00,3.667,14105.956
2023-08-26 15:00:00,2.934,10279.777
2023-08-26 15:15:00,1.773,5788.577
2023-08-26 15:30:00,1.411,5222.457
2023-08-26 15:45:00,2.529,9599.307
2023-08-26 16:00:00,1.877,6613.286
2023-08-26 16:15:00,1.094,3925.4392
2023-08-26 16:30:00,1.753,6064.987
2023-08-26 16:45:00,3.255,12028.225
2023-08-26 17:00:00,1.383,5251.0938
2023-08-26 17:15:00,0.811,2888.4424
2023-08-26 17:30:00,0.284,819.5925
2023-08-26 17:45:00,0.057,195.54514
2023-08-26 18:00:00,0.0,14.9008255
2023-08-26 18:15:00,0.0,0.0
2023-08-26 18:30:00,0.0,0.0
2023-08-26 18:45:00,0.0,0.0
2023-08-26 19:00:00,0.0,0.0
2023-08-27 07:00:00,0.303,1117.9321
2023-08-27 07:15:00,0.312,1156.5402
2023-08-27 07:30:00,0.12,471.86624
2023-08-27 07:45:00,0.7020000000000001,3375.3298
2023-08-27 08:00:00,1.189,4593.785
2023-08-27 08:15:00,1.592,6797.1265
2023-08-27 08:30:00,2.474,10200.943
2023-08-27 08:45:00,3.0620000000000003,11740.241
2023-08-27 09:00:00,2.61,9762.61
2023-08-27 09:15:00,2.618,9948.978
2023-08-27 09:30:00,2.969,11844.328
2023-08-27 09:45:00,3.26,12943.939
2023-08-27 10:00:00,3.679,14500.747
2023-08-27 10:15:00,3.84,15247.181
2023-08-27 10:30:00,3.0420000000000003,11676.259
2023-08-27 10:45:00,5.141,20701.072
2023-08-27 11:00:00,3.509,11828.035
2023-08-27 11:15:00,6.175,28398.805
2023-08-27 11:30:00,9.677,38206.16
2023-08-27 11:45:00,7.742,29822.2
2023-08-27 12:00:00,7.939,31689.225
2023-08-27 12:15:00,8.113,30602.72
2023-08-27 12:30:00,6.013,22969.01
2023-08-27 12:45:00,6.993,27635.074
2023-08-27 13:00:00,5.343,15304.3955
2023-08-27 13:15:00,3.628,15785.766
2023-08-27 13:30:00,10.107,51157.426
2023-08-27 13:45:00,9.47,34028.168
2023-08-27 14:00:00,7.954,29065.445
2023-08-27 14:15:00,7.275,28651.262
2023-08-27 14:30:00,9.126,37375.145
2023-08-27 14:45:00,7.609,37822.49
2023-08-27 15:00:00,5.554,18340.453
2023-08-27 15:15:00,5.8420000000000005,27058.73
2023-08-27 15:30:00,6.333,17918.09
2023-08-27 15:45:00,3.901,18008.59
2023-08-27 16:00:00,3.286,12355.294
2023-08-27 16:15:00,4.9590000000000005,19574.625
2023-08-27 16:30:00,4.775,17854.121
2023-08-27 16:45:00,2.6870000000000003,9615.523
2023-08-27 17:00:00,2.072,7828.345
2023-08-27 17:15:00,1.413,4914.881
2023-08-27 17:30:00,1.028,3815.7954
2023-08-27 17:45:00,0.72,2572.8606
2023-08-27 18:00:00,0.253,673.3336
2023-08-27 18:15:00,0.0,0.0
2023-08-27 18:30:00,0.0,0.0
2023-08-27 18:45:00,0.0,0.0
2023-08-27 19:00:00,0.0,0.0
2023-08-28 07:00:00,2.341,8683.447
2023-08-28 07:15:00,2.13,8368.385
2023-08-28 07:30:00,3.443,12991.846
2023-08-28 07:45:00,4.231,18473.996
2023-08-28 08:00:00,4.746,18039.85
2023-08-28 08:15:00,5.543,20731.06
2023-08-28 08:30:00,6.309,25102.488
2023-08-28 08:45:00,6.546,26202.404
2023-08-28 09:00:00,6.392,27517.184
2023-08-28 09:15:00,10.694,45591.098
2023-08-28 09:30:00,11.582,34049.766
2023-08-28 09:45:00,11.221,50318.29
2023-08-28 10:00:00,15.004,61173.734
2023-08-28 10:15:00,4.142,12661.369
2023-08-28 10:30:00,2.553,9428.863
2023-08-28 10:45:00,1.569,5927.1323
2023-08-28 11:00:00,4.273,19735.1
2023-08-28 11:15:00,12.853,54701.32
2023-08-28 11:30:00,10.543,35757.582
2023-08-28 11:45:00,8.477,33033.145
2023-08-28 12:00:00,6.888,29250.236
2023-08-28 12:15:00,8.073,28353.541
2023-08-28 12:30:00,6.854,29582.36
2023-08-28 12:45:00,9.511,37158.09
2023-08-28 13:00:00,8.99,35211.445
2023-08-28 13:15:00,9.709,38212.008
2023-08-28 13:30:00,8.797,35819.766
2023-08-28 13:45:00,10.817,44521.004
2023-08-28 14:00:00,10.022,42010.484
2023-08-28 14:15:00,11.99,55081.625
2023-08-28 14:30:00,13.317,53755.105
2023-08-28 14:45:00,14.47,54718.273
2023-08-28 15:00:00,6.596,22481.166
2023-08-28 15:15:00,5.9110000000000005,27477.16
2023-08-28 15:30:00,5.769,18446.703
2023-08-28 15:45:00,4.865,17266.244
2023-08-28 16:00:00,2.179,8760.203
2023-08-28 16:15:00,2.424,8605.973
2023-08-28 16:30:00,2.15,8450.134
2023-08-28 16:45:00,1.93,7623.905
2023-08-28 17:00:00,1.517,5396.4443
2023-08-28 17:15:00,1.137,4250.567
2023-08-28 17:30:00,0.705,2315.317
2023-08-28 17:45:00,0.467,1805.5553
2023-08-28 18:00:00,0.262,1049.665
2023-08-28 18:15:00,0.113,320.46756
2023-08-28 18:30:00,0.0,0.0
2023-08-28 18:45:00,0.0,0.0
2023-08-28 19:00:00,0.0,0.0
2023-08-29 07:00:00,2.049,8507.834
2023-08-29 07:15:00,3.225,13567.249
2023-08-29 07:30:00,5.107,20971.146
2023-08-29 07:45:00,5.845,22116.361
2023-08-29 08:00:00,4.823,18482.055
2023-08-29 08:15:00,4.931,19263.83
2023-08-29 08:30:00,5.8340000000000005,22631.518
2023-08-29 08:45:00,5.368,21078.941
2023-08-29 09:00:00,5.498,22274.535
2023-08-29 09:15:00,7.477,30981.613
2023-08-29 09:30:00,7.228,26432.498
2023-08-29 09:45:00,7.473,30549.652
2023-08-29 10:00:00,10.31,40919.24
2023-08-29 10:15:00,11.341,45147.473
2023-08-29 10:30:00,12.78,50144.223
2023-08-29 10:45:00,11.159,36514.207
2023-08-29 11:00:00,9.62,41635.457
2023-08-29 11:15:00,16.501,64996.695
2023-08-29 11:30:00,16.77,64994.51
2023-08-29 11:45:00,16.586000000000002,64321.777
2023-08-29 12:00:00,16.493000000000002,63709.812
2023-08-29 12:15:00,16.495,64081.785
2023-08-29 12:30:00,16.464,63814.242
2023-08-29 12:45:00,16.351,63258.402
2023-08-29 13:00:00,16.299,62977.074
2023-08-29 13:15:00,16.445,63942.336
2023-08-29 13:30:00,16.444,63943.168
2023-08-29 13:45:00,16.434,63802.41
2023-08-29 14:00:00,10.376,24618.453
2023-08-29 14:15:00,6.101,21779.922
2023-08-29 14:30:00,3.5420000000000003,12547.811
2023-08-29 14:45:00,1.868,6173.5205
2023-08-29 15:00:00,0.981,3752.1433
2023-08-29 15:15:00,1.158,4505.642
2023-08-29 15:30:00,1.324,5534.0757
2023-08-29 15:45:00,1.413,5403.847
2023-08-29 16:00:00,1.341,4869.697
2023-08-29 16:15:00,1.082,4421.1606
2023-08-29 16:30:00,1.715,7183.2285
2023-08-29 16:45:00,2.468,9872.183
2023-08-29 17:00:00,2.321,8629.919
2023-08-29 17:15:00,1.598,5535.9053
2023-08-29 17:30:00,0.63,2218.2905
2023-08-29 17:45:00,0.544,2078.7668
2023-08-29 18:00:00,0.36,1214.2433
2023-08-29 18:15:00,0.095,251.95782
2023-08-29 18:30:00,0.0,0.0
2023-08-29 18:45:00,0.0,0.0
2023-08-29 19:00:00,0.0,0.0
2023-08-30 07:00:00,1.712,6326.4
2023-08-30 07:15:00,1.688,6358.196
2023-08-30 07:30:00,2.333,10046.285
2023-08-30 07:45:00,3.569,14716.67
2023-08-30 08:00:00,4.672,18415.473
2023-08-30 08:15:00,5.2010000000000005,21082.27
2023-08-30 08:30:00,6.982,28277.887
2023-08-30 08:45:00,8.388,32186.012
2023-08-30 09:00:00,11.825,43823.066
2023-08-30 09:15:00,11.548,47273.953
2023-08-30 09:30:00,14.036,48872.49
2023-08-30 09:45:00,13.365,58350.18
2023-08-30 10:00:00,14.719,56466.344
2023-08-30 10:15:00,14.86,58235.934
2023-08-30 10:30:00,15.121,46026.15
2023-08-30 10:45:00,14.074,59388.785
2023-08-30 11:00:00,16.613,64451.12
2023-08-30 11:15:00,15.965,63364.355
2023-08-30 11:30:00,13.625,52540.47
2023-08-30 11:45:00,16.527,63994.08
2023-08-30 12:00:00,16.426000000000002,63700.35
2023-08-30 12:15:00,14.685,51629.348
2023-08-30 12:30:00,15.764,64084.492
2023-08-30 12:45:00,16.416,63709.992
2023-08-30 13:00:00,16.384,63621.35
2023-08-30 13:15:00,16.343,63460.625
2023-08-30 13:30:00,16.279,63169.004
2023-08-30 13:45:00,16.174,58934.574
2023-08-30 14:00:00,14.477,61219.79
2023-08-30 14:15:00,13.658,54400.875
2023-08-30 14:30:00,15.039,58250.723
2023-08-30 14:45:00,11.273,40182.016
2023-08-30 15:00:00,7.827,38264.16
2023-08-30 15:15:00,7.242,19990.02
2023-08-30 15:30:00,6.469,31254.588
2023-08-30 15:45:00,2.894,10042.018
2023-08-30 16:00:00,3.14,16740.14
2023-08-30 16:15:00,4.781,18784.002
2023-08-30 16:30:00,4.098,16228.854
2023-08-30 16:45:00,3.214,12523.762
2023-08-30 17:00:00,3.563,14316.068
2023-08-30 17:15:00,4.2170000000000005,15306.106
2023-08-30 17:30:00,2.064,7880.11
2023-08-30 17:45:00,1.484,5669.5903
2023-08-30 18:00:00,0.617,1961.2501
2023-08-30 18:15:00,0.222,704.89233
2023-08-30 18:30:00,0.005,28.64621
2023-08-30 18:45:00,0.0,0.0
2023-08-30 19:00:00,0.0,0.0
2023-08-31 07:00:00,1.508,6310.859
2023-08-31 07:15:00,2.377,9400.371
2023-08-31 07:30:00,2.903,11182.787
2023-08-31 07:45:00,2.322,8410.992
2023-08-31 08:00:00,2.618,10431.385
2023-08-31 08:15:00,2.816,10979.402
2023-08-31 08:30:00,3.807,14899.373
2023-08-31 08:45:00,4.9350000000000005,17982.1
2023-08-31 09:00:00,5.964,26577.531
2023-08-31 09:15:00,5.379,21543.965
2023-08-31 09:30:00,3.41,13042.022
2023-08-31 09:45:00,4.1,16125.444
2023-08-31 10:00:00,3.243,12626.754
2023-08-31 10:15:00,5.496,23421.91
2023-08-31 10:30:00,6.67,25000.383
2023-08-31 10:45:00,6.328,24820.908
2023-08-31 11:00:00,8.218,35310.03
2023-08-31 11:15:00,13.837,54153.047
2023-08-31 11:30:00,12.313,46978.86
2023-08-31 11:45:00,11.25,40748.496
2023-08-31 12:00:00,12.211,49425.652
2023-08-31 12:15:00,14.63,57077.42
2023-08-31 12:30:00,11.978,44744.473
2023-08-31 12:45:00,9.636,36981.8
2023-08-31 13:00:00,8.378,33756.89
2023-08-31 13:15:00,16.346,65609.81
2023-08-31 13:30:00,16.087,63031.344
2023-08-31 13:45:00,13.943,46205.8
2023-08-31 14:00:00,11.407,40807.977
2023-08-31 14:15:00,11.599,44193.293
2023-08-31 14:30:00,8.93,34581.94
2023-08-31 14:45:00,8.259,31544.52
2023-08-31 15:00:00,7.772,30208.893
2023-08-31 15:15:00,7.114,26934.496
2023-08-31 15:30:00,7.252,25905.93
2023-08-31 15:45:00,5.623,22613.975
2023-08-31 16:00:00,4.938,18402.49
2023-08-31 16:15:00,4.1370000000000005,15152.696
2023-08-31 16:30:00,3.25,12298.603
2023-08-31 16:45:00,2.356,8137.961
2023-08-31 17:00:00,1.105,3851.585
2023-08-31 17:15:00,0.562,1992.115
2023-08-31 17:30:00,0.351,1458.7809
2023-08-31 17:45:00,0.489,1699.0955
2023-08-31 18:00:00,0.266,989.0651
2023-08-31 18:15:00,0.121,321.90424
2023-08-31 18:30:00,0.0,1.569296
2023-08-31 18:45:00,0.0,0.0
2023-08-31 19:00:00,0.0,0.0
